Workbook

Sheet Tổng quan
A1: THIẾT KẾ KHO DỮ LIỆU CÔNG THỨC 1 (F1_DWH) – PHƯƠNG PHÁP KIMBALL
A2: Tài liệu đặc tả thiết kế · dữ liệu 1950–2024
A4: Mục | B4: Nội dung
A5: Đề tài | B5: Xây dựng kho dữ liệu kết quả giải đua Công thức 1 (Formula 1) giai đoạn 1950–2024
A6: Dữ liệu nguồn | B6: 14 tệp CSV → cơ sở dữ liệu nguồn F1_SOURCE (14 bảng)
A7: Phương pháp | B7: Kimball: chọn quy trình nghiệp vụ → khai báo hạt → xác định chiều → xác định độ đo
A8: Lược đồ | B8: Lược đồ hình sao cho từng quy trình; 5 bảng sự kiện dùng chung 6 bảng chiều
A9: Phạm vi | B9: Chỉ kết quả chặng Grand Prix (không gồm đua nước rút Sprint)
A10: Xử lý thay đổi (SCD) | B10: Loại 1 – ghi đè, vì dữ liệu nguồn là bản chụp tĩnh, không theo dõi lịch sử thay đổi
A11: Thứ tự chạy | B11: 00_tao_CSDL_nguon_F1_SOURCE.sql → 01_tao_kho_F1_DWH.sql → 02_ETL_nap_du_lieu.sql → 03_truy_van_phan_tich.sql
A13: Chú thích màu
A14: Bảng chiều
A15: Bảng sự kiện
A16: Cột khoá (chính / ngoại)
A18: Danh mục sheet
A19: 1. Quy trình 4 bước
A20: 2. Ma trận bus
A21: 3. Danh mục bảng
A22: DimDate | B22: Đặc tả cột và ánh xạ nguồn → đích
A23: DimRace | B23: Đặc tả cột và ánh xạ nguồn → đích
A24: DimCircuit | B24: Đặc tả cột và ánh xạ nguồn → đích
A25: DimDriver | B25: Đặc tả cột và ánh xạ nguồn → đích
A26: DimConstructor | B26: Đặc tả cột và ánh xạ nguồn → đích
A27: DimStatus | B27: Đặc tả cột và ánh xạ nguồn → đích
A28: FactRaceResult | B28: Đặc tả cột và ánh xạ nguồn → đích
A29: FactQualifying | B29: Đặc tả cột và ánh xạ nguồn → đích
A30: FactLapTime | B30: Đặc tả cột và ánh xạ nguồn → đích
A31: FactPitStop | B31: Đặc tả cột và ánh xạ nguồn → đích
A32: FactDriverStanding | B32: Đặc tả cột và ánh xạ nguồn → đích

Sheet 1. Quy trình 4 bước
A1: QUY TRÌNH THIẾT KẾ 4 BƯỚC CỦA KIMBALL
A4: STT | B4: Bước 1. Quy trình nghiệp vụ | C4: Bảng sự kiện | D4: Loại bảng | E4: Bước 2. Hạt | F4: Bước 3. Các chiều | G4: Bước 4. Các độ đo | H4: Ví dụ một dòng
A5: 1 | B5: Kết quả đua | C5: FactRaceResult | D5: Giao dịch | E5: 1 dòng = 1 tay đua × 1 chặng Grand Prix | F5: DimDate, DimRace, DimCircuit, DimDriver, DimConstructor, DimStatus | G5: GridPosition, FinishPosition, Points, LapsCompleted, RaceTimeMs, FastestLapTimeMs, IsWin, IsPodium, IsFinished | H5: Hamilton – Mercedes – Bahrain 2024: xuất phát 9, về đích 7, được 6 điểm, hoàn thành 57 vòng.
A6: 2 | B6: Phân hạng | C6: FactQualifying | D6: Giao dịch | E6: 1 dòng = 1 tay đua × 1 chặng (từ năm 1994) | F6: DimDate, DimRace, DimCircuit, DimDriver, DimConstructor | G6: QualiPosition, Q1Ms, Q2Ms, Q3Ms, BestLapMs | H6: Hamilton – Mercedes – Bahrain 2024: phân hạng thứ 9, Q3 = 89710 ms (1:29,710).
A7: 3 | B7: Tính giờ từng vòng | C7: FactLapTime | D7: Giao dịch | E7: 1 dòng = 1 tay đua × 1 vòng × 1 chặng (từ năm 1996) | F7: DimDate, DimRace, DimCircuit, DimDriver | G7: PositionOnLap, LapTimeMs | H7: Hamilton – Bahrain 2024 – vòng 10: 98037 ms, đang ở vị trí 8.
A8: 4 | B8: Vào pit | C8: FactPitStop | D8: Giao dịch | E8: 1 dòng = 1 lần vào pit (từ năm 2011) | F8: DimDate, DimRace, DimCircuit, DimDriver, DimConstructor | G8: LapNumber, DurationMs | H8: Hamilton – Mercedes – Bahrain 2024 – lần 1: vào pit ở vòng 12, mất 25087 ms qua làn pit.
A9: 5 | B9: Xếp hạng tay đua | C9: FactDriverStanding | D9: Ảnh chụp định kỳ | E9: 1 dòng = 1 tay đua × sau mỗi chặng | F9: DimDate, DimRace, DimDriver | G9: StandingPosition, TotalPoints, TotalWins | H9: Sau chặng Bahrain 2024: Hamilton đứng hạng 7 với tổng 6 điểm, 0 trận thắng.

Sheet 2. Ma trận bus
A1: MA TRẬN BUS
A2: Hàng: bảng sự kiện · Cột: bảng chiều · X: bảng sự kiện có dùng bảng chiều đó
A4: Quy trình | B4: Bảng sự kiện | C4: DimDate | D4: DimRace | E4: DimCircuit | F4: DimDriver | G4: DimConstructor | H4: DimStatus | I4: Số chiều
A5: Kết quả đua | B5: FactRaceResult | C5: X | D5: X | E5: X | F5: X | G5: X | H5: X | I5: =COUNTIF(C5:H5,"X") -> 6
A6: Phân hạng | B6: FactQualifying | C6: X | D6: X | E6: X | F6: X | G6: X | I6: =COUNTIF(C6:H6,"X") -> 5
A7: Tính giờ từng vòng | B7: FactLapTime | C7: X | D7: X | E7: X | F7: X | I7: =COUNTIF(C7:H7,"X") -> 4
A8: Vào pit | B8: FactPitStop | C8: X | D8: X | E8: X | F8: X | G8: X | I8: =COUNTIF(C8:H8,"X") -> 5
A9: Xếp hạng tay đua | B9: FactDriverStanding | C9: X | D9: X | F9: X | I9: =COUNTIF(C9:H9,"X") -> 3
A10: Số bảng sự kiện dùng chiều | C10: =COUNTIF(C5:C9,"X") -> 5 | D10: =COUNTIF(D5:D9,"X") -> 5 | E10: =COUNTIF(E5:E9,"X") -> 4 | F10: =COUNTIF(F5:F9,"X") -> 5 | G10: =COUNTIF(G5:G9,"X") -> 3 | H10: =COUNTIF(H5:H9,"X") -> 1

Sheet 3. Danh mục bảng
A1: DANH MỤC BẢNG TRONG KHO F1_DWH
A2: Số cột được đếm bằng công thức từ sheet đặc tả của từng bảng
A4: Bảng | B4: Loại | C4: Kiểu bảng sự kiện | D4: Hạt | E4: Số dòng mong đợi | F4: Số cột | G4: Mô tả
A5: DimDate | B5: Chiều | C5: – | D5: 1 dòng = 1 ngày (01/01/1950 → 31/12/2024) | E5: 27394 | F5: =COUNTA(DimDate!A7:A13) -> 7 | G5: Chiều thời gian. Dùng để phân tích theo năm, quý, tháng, thập kỷ.
A6: DimRace | B6: Chiều | C6: – | D6: 1 dòng = 1 chặng đua | E6: 1125 | F6: =COUNTA(DimRace!A7:A11) -> 5 | G6: Chặng đua Grand Prix và mùa giải của chặng.
A7: DimCircuit | B7: Chiều | C7: – | D7: 1 dòng = 1 trường đua | E7: 77 | F7: =COUNTA(DimCircuit!A7:A11) -> 5 | G7: Trường đua và vị trí địa lý.
A8: DimDriver | B8: Chiều | C8: – | D8: 1 dòng = 1 tay đua | E8: 861 | F8: =COUNTA(DimDriver!A7:A12) -> 6 | G8: Thông tin tay đua.
A9: DimConstructor | B9: Chiều | C9: – | D9: 1 dòng = 1 đội đua | E9: 212 | F9: =COUNTA(DimConstructor!A7:A10) -> 4 | G9: Thông tin đội đua.
A10: DimStatus | B10: Chiều | C10: – | D10: 1 dòng = 1 trạng thái kết thúc | E10: 139 | F10: =COUNTA(DimStatus!A7:A10) -> 4 | G10: Trạng thái khi kết thúc cuộc đua, gom thành 3 nhóm.
A11: FactRaceResult | B11: Sự kiện | C11: Giao dịch | D11: 1 dòng = 1 tay đua × 1 chặng Grand Prix | E11: 26759 | F11: =COUNTA(FactRaceResult!A7:A22) -> 16 | G11: Kết quả thi đấu của mỗi tay đua ở mỗi chặng.
A12: FactQualifying | B12: Sự kiện | C12: Giao dịch | D12: 1 dòng = 1 tay đua × 1 chặng (từ năm 1994) | E12: 10494 | F12: =COUNTA(FactQualifying!A7:A17) -> 11 | G12: Kết quả phân hạng trước mỗi chặng đua.
A13: FactLapTime | B13: Sự kiện | C13: Giao dịch | D13: 1 dòng = 1 tay đua × 1 vòng × 1 chặng (từ năm 1996) | E13: 589081 | F13: =COUNTA(FactLapTime!A7:A13) -> 7 | G13: Thời gian từng vòng đua – bảng có mức chi tiết nhất.
A14: FactPitStop | B14: Sự kiện | C14: Giao dịch | D14: 1 dòng = 1 lần vào pit (từ năm 2011) | E14: 11371 | F14: =COUNTA(FactPitStop!A7:A14) -> 8 | G14: Mỗi lần tay đua vào pit thay lốp, sửa xe.
A15: FactDriverStanding | B15: Sự kiện | C15: Ảnh chụp định kỳ | D15: 1 dòng = 1 tay đua × sau mỗi chặng | E15: 34863 | F15: =COUNTA(FactDriverStanding!A7:A12) -> 6 | G15: Bảng xếp hạng tay đua được chụp lại sau mỗi chặng.
A16: Tổng | E16: =SUM(E5:E15) -> 702376 | F16: =SUM(F5:F15) -> 79

Sheet DimDate
A1: DimDate
A2: Chiều thời gian. Dùng để phân tích theo năm, quý, tháng, thập kỷ.
A3: Hạt: | B3: 1 dòng = 1 ngày (01/01/1950 → 31/12/2024)
A4: Loại: | B4: Chiều
A6: Cột | B6: Kiểu dữ liệu | C6: Khoá / vai trò | D6: Tính cộng dồn | E6: Mô tả | F6: Nguồn (F1_SOURCE) | G6: Cách lấy / biến đổi | H6: Ví dụ
A7: DateKey | B7: INT | C7: Khoá chính | E7: Khoá dạng yyyymmdd | F7: Sinh tự động | G7: Năm×10000 + Tháng×100 + Ngày | H7: 20240302
A8: FullDate | B8: DATE | C8: Thuộc tính | E8: Ngày đầy đủ | F8: Sinh tự động | G8: Vòng lặp từng ngày | H8: 2024-03-02
A9: Day | B9: TINYINT | C9: Thuộc tính | E9: Ngày trong tháng | F9: Sinh tự động | G9: DAY(FullDate) | H9: 2
A10: Month | B10: TINYINT | C10: Thuộc tính | E10: Tháng | F10: Sinh tự động | G10: MONTH(FullDate) | H10: 3
A11: Quarter | B11: TINYINT | C11: Thuộc tính | E11: Quý | F11: Sinh tự động | G11: DATEPART(QUARTER, FullDate) | H11: 1
A12: Year | B12: SMALLINT | C12: Thuộc tính | E12: Năm | F12: Sinh tự động | G12: YEAR(FullDate) | H12: 2024
A13: Decade | B13: NVARCHAR(10) | C13: Thuộc tính | E13: Thập kỷ | F13: Sinh tự động | G13: Năm/10×10 + 's' | H13: 2020s
A15: ← Về danh mục bảng

Sheet DimRace
A1: DimRace
A2: Chặng đua Grand Prix và mùa giải của chặng.
A3: Hạt: | B3: 1 dòng = 1 chặng đua
A4: Loại: | B4: Chiều
A6: Cột | B6: Kiểu dữ liệu | C6: Khoá / vai trò | D6: Tính cộng dồn | E6: Mô tả | F6: Nguồn (F1_SOURCE) | G6: Cách lấy / biến đổi | H6: Ví dụ
A7: RaceKey | B7: INT IDENTITY | C7: Khoá chính (khoá thay thế) | E7: Khoá do kho tự sinh | F7: Tự sinh | G7: IDENTITY(1,1) | H7: 1
A8: RaceID | B8: INT | C8: Mã gốc | E8: Mã chặng ở nguồn | F8: races.raceId | G8: Giữ nguyên | H8: 1121
A9: RaceName | B9: NVARCHAR(100) | C9: Thuộc tính | E9: Tên chặng | F9: races.name | G9: Giữ nguyên | H9: Bahrain Grand Prix
A10: Season | B10: SMALLINT | C10: Thuộc tính | E10: Mùa giải | F10: races.year | G10: Giữ nguyên | H10: 2024
A11: Round | B11: TINYINT | C11: Thuộc tính | E11: Chặng thứ mấy trong mùa | F11: races.round | G11: Giữ nguyên | H11: 1
A13: ← Về danh mục bảng

Sheet DimCircuit
A1: DimCircuit
A2: Trường đua và vị trí địa lý.
A3: Hạt: | B3: 1 dòng = 1 trường đua
A4: Loại: | B4: Chiều
A6: Cột | B6: Kiểu dữ liệu | C6: Khoá / vai trò | D6: Tính cộng dồn | E6: Mô tả | F6: Nguồn (F1_SOURCE) | G6: Cách lấy / biến đổi | H6: Ví dụ
A7: CircuitKey | B7: INT IDENTITY | C7: Khoá chính (khoá thay thế) | E7: Khoá do kho tự sinh | F7: Tự sinh | G7: IDENTITY(1,1) | H7: 1
A8: CircuitID | B8: INT | C8: Mã gốc | E8: Mã trường đua ở nguồn | F8: circuits.circuitId | G8: Giữ nguyên | H8: 3
A9: CircuitName | B9: NVARCHAR(100) | C9: Thuộc tính | E9: Tên trường đua | F9: circuits.name | G9: Giữ nguyên | H9: Bahrain International Circuit
A10: City | B10: NVARCHAR(100) | C10: Thuộc tính | E10: Thành phố | F10: circuits.location | G10: Giữ nguyên | H10: Sakhir
A11: Country | B11: NVARCHAR(50) | C11: Thuộc tính | E11: Quốc gia | F11: circuits.country | G11: Đổi 'United States' thành 'USA' | H11: Bahrain
A13: ← Về danh mục bảng

Sheet DimDriver
A1: DimDriver
A2: Thông tin tay đua.
A3: Hạt: | B3: 1 dòng = 1 tay đua
A4: Loại: | B4: Chiều
A6: Cột | B6: Kiểu dữ liệu | C6: Khoá / vai trò | D6: Tính cộng dồn | E6: Mô tả | F6: Nguồn (F1_SOURCE) | G6: Cách lấy / biến đổi | H6: Ví dụ
A7: DriverKey | B7: INT IDENTITY | C7: Khoá chính (khoá thay thế) | E7: Khoá do kho tự sinh | F7: Tự sinh | G7: IDENTITY(1,1) | H7: 1
A8: DriverID | B8: INT | C8: Mã gốc | E8: Mã tay đua ở nguồn | F8: drivers.driverId | G8: Giữ nguyên | H8: 1
A9: DriverCode | B9: NVARCHAR(3) | C9: Thuộc tính | E9: Mã 3 chữ cái | F9: drivers.code | G9: Giữ nguyên (có thể rỗng) | H9: HAM
A10: FullName | B10: NVARCHAR(101) | C10: Thuộc tính | E10: Họ tên đầy đủ | F10: drivers.forename, surname | G10: Ghép tên + ' ' + họ | H10: Lewis Hamilton
A11: DateOfBirth | B11: DATE | C11: Thuộc tính | E11: Ngày sinh | F11: drivers.dob | G11: Giữ nguyên | H11: 1985-01-07
A12: Nationality | B12: NVARCHAR(50) | C12: Thuộc tính | E12: Quốc tịch | F12: drivers.nationality | G12: Bỏ khoảng trắng thừa | H12: British
A14: ← Về danh mục bảng

Sheet DimConstructor
A1: DimConstructor
A2: Thông tin đội đua.
A3: Hạt: | B3: 1 dòng = 1 đội đua
A4: Loại: | B4: Chiều
A6: Cột | B6: Kiểu dữ liệu | C6: Khoá / vai trò | D6: Tính cộng dồn | E6: Mô tả | F6: Nguồn (F1_SOURCE) | G6: Cách lấy / biến đổi | H6: Ví dụ
A7: ConstructorKey | B7: INT IDENTITY | C7: Khoá chính (khoá thay thế) | E7: Khoá do kho tự sinh | F7: Tự sinh | G7: IDENTITY(1,1) | H7: 1
A8: ConstructorID | B8: INT | C8: Mã gốc | E8: Mã đội ở nguồn | F8: constructors.constructorId | G8: Giữ nguyên | H8: 131
A9: ConstructorName | B9: NVARCHAR(100) | C9: Thuộc tính | E9: Tên đội | F9: constructors.name | G9: Giữ nguyên | H9: Mercedes
A10: Nationality | B10: NVARCHAR(50) | C10: Thuộc tính | E10: Quốc tịch đội | F10: constructors.nationality | G10: Bỏ khoảng trắng thừa | H10: German
A12: ← Về danh mục bảng

Sheet DimStatus
A1: DimStatus
A2: Trạng thái khi kết thúc cuộc đua, gom thành 3 nhóm.
A3: Hạt: | B3: 1 dòng = 1 trạng thái kết thúc
A4: Loại: | B4: Chiều
A6: Cột | B6: Kiểu dữ liệu | C6: Khoá / vai trò | D6: Tính cộng dồn | E6: Mô tả | F6: Nguồn (F1_SOURCE) | G6: Cách lấy / biến đổi | H6: Ví dụ
A7: StatusKey | B7: INT IDENTITY | C7: Khoá chính (khoá thay thế) | E7: Khoá do kho tự sinh | F7: Tự sinh | G7: IDENTITY(1,1) | H7: 1
A8: StatusID | B8: INT | C8: Mã gốc | E8: Mã trạng thái ở nguồn | F8: status.statusId | G8: Giữ nguyên | H8: 5
A9: StatusName | B9: NVARCHAR(50) | C9: Thuộc tính | E9: Trạng thái gốc | F9: status.status | G9: Giữ nguyên | H9: Engine
A10: StatusGroup | B10: NVARCHAR(30) | C10: Thuộc tính | E10: Nhóm trạng thái | F10: status.status | G10: 'Finished' → Hoàn thành; '+n Lap(s)' → Hoàn thành (bị bắt vòng); còn lại → Không hoàn thành | H10: Không hoàn thành
A12: ← Về danh mục bảng

Sheet FactRaceResult
A1: FactRaceResult
A2: Kết quả thi đấu của mỗi tay đua ở mỗi chặng.
A3: Hạt: | B3: 1 dòng = 1 tay đua × 1 chặng Grand Prix
A4: Loại: | B4: Sự kiện – Giao dịch
A6: Cột | B6: Kiểu dữ liệu | C6: Khoá / vai trò | D6: Tính cộng dồn | E6: Mô tả | F6: Nguồn (F1_SOURCE) | G6: Cách lấy / biến đổi | H6: Ví dụ
A7: ResultID | B7: INT | C7: Khoá chính | E7: Mã kết quả ở nguồn (mỗi dòng một mã) | F7: results.resultId | G7: Giữ nguyên | H7: 26292
A8: DateKey | B8: INT | C8: Khoá ngoại → DimDate | E8: Trỏ tới bảng DimDate | F8: races.date | G8: Đổi ngày đua sang yyyymmdd
A9: RaceKey | B9: INT | C9: Khoá ngoại → DimRace | E9: Trỏ tới bảng DimRace | F9: results.raceId | G9: Tra DimRace theo RaceID
A10: CircuitKey | B10: INT | C10: Khoá ngoại → DimCircuit | E10: Trỏ tới bảng DimCircuit | F10: races.circuitId | G10: Tra DimCircuit theo CircuitID
A11: DriverKey | B11: INT | C11: Khoá ngoại → DimDriver | E11: Trỏ tới bảng DimDriver | F11: results.driverId | G11: Tra DimDriver theo DriverID
A12: ConstructorKey | B12: INT | C12: Khoá ngoại → DimConstructor | E12: Trỏ tới bảng DimConstructor | F12: results.constructorId | G12: Tra DimConstructor theo ConstructorID
A13: StatusKey | B13: INT | C13: Khoá ngoại → DimStatus | E13: Trỏ tới bảng DimStatus | F13: results.statusId | G13: Tra DimStatus theo StatusID
A14: GridPosition | B14: INT | C14: Độ đo | D14: Không cộng dồn | E14: Vị trí xuất phát (0 = xuất phát từ làn pit) | F14: results.grid | G14: Giữ nguyên | H14: 9
A15: FinishPosition | B15: INT | C15: Độ đo | D15: Không cộng dồn | E15: Vị trí về đích (rỗng = không được xếp hạng) | F15: results.position | G15: Giữ nguyên | H15: 7
A16: Points | B16: DECIMAL(5,2) | C16: Độ đo | D16: Cộng dồn đầy đủ | E16: Điểm giành được | F16: results.points | G16: Giữ nguyên | H16: 6
A17: LapsCompleted | B17: INT | C17: Độ đo | D17: Cộng dồn đầy đủ | E17: Số vòng đã chạy | F17: results.laps | G17: Giữ nguyên | H17: 57
A18: RaceTimeMs | B18: BIGINT | C18: Độ đo | D18: Không cộng dồn | E18: Tổng thời gian đua (mili-giây) | F18: results.milliseconds | G18: Giữ nguyên | H18: 5555066
A19: FastestLapTimeMs | B19: INT | C19: Độ đo | D19: Không cộng dồn | E19: Vòng nhanh nhất của tay đua (mili-giây) | F19: results.fastestLapTime | G19: Đổi '1:34.722' → 94722 | H19: 94722
A20: IsWin | B20: TINYINT | C20: Độ đo | D20: Cộng dồn đầy đủ | E20: 1 nếu thắng chặng, 0 nếu không | F20: results.position | G20: position = 1 → 1 | H20: 0
A21: IsPodium | B21: TINYINT | C21: Độ đo | D21: Cộng dồn đầy đủ | E21: 1 nếu về trong top 3 | F21: results.position | G21: position ≤ 3 → 1 | H21: 0
A22: IsFinished | B22: TINYINT | C22: Độ đo | D22: Cộng dồn đầy đủ | E22: 1 nếu hoàn thành cuộc đua | F22: DimStatus.StatusGroup | G22: Nhóm ≠ 'Không hoàn thành' → 1 | H22: 1
A24: ← Về danh mục bảng

Sheet FactQualifying
A1: FactQualifying
A2: Kết quả phân hạng trước mỗi chặng đua.
A3: Hạt: | B3: 1 dòng = 1 tay đua × 1 chặng (từ năm 1994)
A4: Loại: | B4: Sự kiện – Giao dịch
A6: Cột | B6: Kiểu dữ liệu | C6: Khoá / vai trò | D6: Tính cộng dồn | E6: Mô tả | F6: Nguồn (F1_SOURCE) | G6: Cách lấy / biến đổi | H6: Ví dụ
A7: QualifyID | B7: INT | C7: Khoá chính | E7: Mã phân hạng ở nguồn | F7: qualifying.qualifyId | G7: Giữ nguyên | H7: 10081
A8: DateKey | B8: INT | C8: Khoá ngoại → DimDate | E8: Trỏ tới bảng DimDate | F8: races.date | G8: Đổi ngày đua sang yyyymmdd
A9: RaceKey | B9: INT | C9: Khoá ngoại → DimRace | E9: Trỏ tới bảng DimRace | F9: qualifying.raceId | G9: Tra DimRace
A10: CircuitKey | B10: INT | C10: Khoá ngoại → DimCircuit | E10: Trỏ tới bảng DimCircuit | F10: races.circuitId | G10: Tra DimCircuit
A11: DriverKey | B11: INT | C11: Khoá ngoại → DimDriver | E11: Trỏ tới bảng DimDriver | F11: qualifying.driverId | G11: Tra DimDriver
A12: ConstructorKey | B12: INT | C12: Khoá ngoại → DimConstructor | E12: Trỏ tới bảng DimConstructor | F12: qualifying.constructorId | G12: Tra DimConstructor
A13: QualiPosition | B13: INT | C13: Độ đo | D13: Không cộng dồn | E13: Vị trí phân hạng | F13: qualifying.position | G13: Giữ nguyên | H13: 9
A14: Q1Ms | B14: INT | C14: Độ đo | D14: Không cộng dồn | E14: Thời gian vòng Q1 (mili-giây) | F14: qualifying.q1 | G14: Đổi chuỗi thời gian → mili-giây | H14: 90451
A15: Q2Ms | B15: INT | C15: Độ đo | D15: Không cộng dồn | E15: Thời gian vòng Q2 (mili-giây) | F15: qualifying.q2 | G15: Đổi chuỗi thời gian → mili-giây | H15: 89718
A16: Q3Ms | B16: INT | C16: Độ đo | D16: Không cộng dồn | E16: Thời gian vòng Q3 (mili-giây) | F16: qualifying.q3 | G16: Đổi chuỗi thời gian → mili-giây | H16: 89710
A17: BestLapMs | B17: INT | C17: Độ đo | D17: Không cộng dồn | E17: Thời gian tốt nhất trong 3 vòng | F17: Q1Ms, Q2Ms, Q3Ms | G17: Lấy giá trị nhỏ nhất | H17: 89710
A19: ← Về danh mục bảng

Sheet FactLapTime
A1: FactLapTime
A2: Thời gian từng vòng đua – bảng có mức chi tiết nhất.
A3: Hạt: | B3: 1 dòng = 1 tay đua × 1 vòng × 1 chặng (từ năm 1996)
A4: Loại: | B4: Sự kiện – Giao dịch
A6: Cột | B6: Kiểu dữ liệu | C6: Khoá / vai trò | D6: Tính cộng dồn | E6: Mô tả | F6: Nguồn (F1_SOURCE) | G6: Cách lấy / biến đổi | H6: Ví dụ
A7: DateKey | B7: INT | C7: Khoá ngoại → DimDate | E7: Trỏ tới bảng DimDate | F7: races.date | G7: Đổi ngày đua sang yyyymmdd
A8: RaceKey | B8: INT | C8: Khoá chính, Khoá ngoại → DimRace | E8: Chặng | F8: lap_times.raceId | G8: Tra DimRace
A9: CircuitKey | B9: INT | C9: Khoá ngoại → DimCircuit | E9: Trỏ tới bảng DimCircuit | F9: races.circuitId | G9: Tra DimCircuit
A10: DriverKey | B10: INT | C10: Khoá chính, Khoá ngoại → DimDriver | E10: Tay đua | F10: lap_times.driverId | G10: Tra DimDriver
A11: LapNumber | B11: INT | C11: Khoá chính | E11: Vòng thứ mấy | F11: lap_times.lap | G11: Giữ nguyên | H11: 10
A12: PositionOnLap | B12: INT | C12: Độ đo | D12: Không cộng dồn | E12: Vị trí sau vòng đó | F12: lap_times.position | G12: Giữ nguyên | H12: 8
A13: LapTimeMs | B13: INT | C13: Độ đo | D13: Không cộng dồn | E13: Thời gian vòng (mili-giây) | F13: lap_times.milliseconds | G13: Giữ nguyên | H13: 98037
A15: ← Về danh mục bảng

Sheet FactPitStop
A1: FactPitStop
A2: Mỗi lần tay đua vào pit thay lốp, sửa xe.
A3: Hạt: | B3: 1 dòng = 1 lần vào pit (từ năm 2011)
A4: Loại: | B4: Sự kiện – Giao dịch
A6: Cột | B6: Kiểu dữ liệu | C6: Khoá / vai trò | D6: Tính cộng dồn | E6: Mô tả | F6: Nguồn (F1_SOURCE) | G6: Cách lấy / biến đổi | H6: Ví dụ
A7: DateKey | B7: INT | C7: Khoá ngoại → DimDate | E7: Trỏ tới bảng DimDate | F7: races.date | G7: Đổi ngày đua sang yyyymmdd
A8: RaceKey | B8: INT | C8: Khoá chính, Khoá ngoại → DimRace | E8: Chặng | F8: pit_stops.raceId | G8: Tra DimRace
A9: CircuitKey | B9: INT | C9: Khoá ngoại → DimCircuit | E9: Trỏ tới bảng DimCircuit | F9: races.circuitId | G9: Tra DimCircuit
A10: DriverKey | B10: INT | C10: Khoá chính, Khoá ngoại → DimDriver | E10: Tay đua | F10: pit_stops.driverId | G10: Tra DimDriver
A11: ConstructorKey | B11: INT | C11: Khoá ngoại → DimConstructor | E11: Trỏ tới bảng DimConstructor | F11: results.constructorId | G11: Nguồn không có đội → lấy đội của tay đua ở chặng đó từ bảng results
A12: StopNumber | B12: INT | C12: Khoá chính | E12: Lần vào pit thứ mấy | F12: pit_stops.stop | G12: Giữ nguyên | H12: 1
A13: LapNumber | B13: INT | C13: Độ đo | D13: Không cộng dồn | E13: Vào pit ở vòng nào | F13: pit_stops.lap | G13: Giữ nguyên | H13: 12
A14: DurationMs | B14: INT | C14: Độ đo | D14: Không cộng dồn | E14: Thời gian đi qua làn pit (mili-giây) | F14: pit_stops.milliseconds | G14: Giữ nguyên | H14: 25087
A16: ← Về danh mục bảng

Sheet FactDriverStanding
A1: FactDriverStanding
A2: Bảng xếp hạng tay đua được chụp lại sau mỗi chặng.
A3: Hạt: | B3: 1 dòng = 1 tay đua × sau mỗi chặng
A4: Loại: | B4: Sự kiện – Ảnh chụp định kỳ
A6: Cột | B6: Kiểu dữ liệu | C6: Khoá / vai trò | D6: Tính cộng dồn | E6: Mô tả | F6: Nguồn (F1_SOURCE) | G6: Cách lấy / biến đổi | H6: Ví dụ
A7: DateKey | B7: INT | C7: Khoá ngoại → DimDate | E7: Trỏ tới bảng DimDate | F7: races.date | G7: Đổi ngày đua sang yyyymmdd
A8: RaceKey | B8: INT | C8: Khoá chính, Khoá ngoại → DimRace | E8: Chặng (thời điểm chụp) | F8: driver_standings.raceId | G8: Tra DimRace
A9: DriverKey | B9: INT | C9: Khoá chính, Khoá ngoại → DimDriver | E9: Tay đua | F9: driver_standings.driverId | G9: Tra DimDriver
A10: StandingPosition | B10: INT | C10: Độ đo | D10: Không cộng dồn | E10: Hạng hiện tại | F10: driver_standings.position | G10: Giữ nguyên | H10: 7
A11: TotalPoints | B11: DECIMAL(6,2) | C11: Độ đo | D11: Cộng dồn một phần | E11: Tổng điểm luỹ kế đến chặng đó | F11: driver_standings.points | G11: Giữ nguyên | H11: 6
A12: TotalWins | B12: INT | C12: Độ đo | D12: Cộng dồn một phần | E12: Tổng trận thắng luỹ kế | F12: driver_standings.wins | G12: Giữ nguyên | H12: 0
A14: ← Về danh mục bảng
